USE [GestionEspectaculos]
GO
INSERT [dbo].[CONCELLO] ([CP], [CONCELLO], [PROVINCIA]) VALUES (8030, N'Barcelona', N'Barcelona')
GO
INSERT [dbo].[CONCELLO] ([CP], [CONCELLO], [PROVINCIA]) VALUES (15001, N'A Coruña', N'A Coruña')
GO
INSERT [dbo].[CONCELLO] ([CP], [CONCELLO], [PROVINCIA]) VALUES (15003, N'A Coruña', N'A Coruña')
GO
INSERT [dbo].[CONCELLO] ([CP], [CONCELLO], [PROVINCIA]) VALUES (15300, N'Betanzos', N'A Coruña')
GO
INSERT [dbo].[CONCELLO] ([CP], [CONCELLO], [PROVINCIA]) VALUES (15701, N'Santiago de Compostela', N'A Coruña')
GO
INSERT [dbo].[CONCELLO] ([CP], [CONCELLO], [PROVINCIA]) VALUES (27004, N'Lugo', N'Lugo')
GO
INSERT [dbo].[CONCELLO] ([CP], [CONCELLO], [PROVINCIA]) VALUES (28042, N'Madrid', N'Madrid')
GO
INSERT [dbo].[CONCELLO] ([CP], [CONCELLO], [PROVINCIA]) VALUES (28933, N'Móstoles', N'Madrid')
GO
INSERT [dbo].[CONCELLO] ([CP], [CONCELLO], [PROVINCIA]) VALUES (32001, N'Ourense', N'Ourense')
GO
INSERT [dbo].[CONCELLO] ([CP], [CONCELLO], [PROVINCIA]) VALUES (32690, N'Xinzo de Limia', N'Ourense')
GO
INSERT [dbo].[CONCELLO] ([CP], [CONCELLO], [PROVINCIA]) VALUES (36003, N'Pontevedra', N'Pontevedra')
GO
INSERT [dbo].[CONCELLO] ([CP], [CONCELLO], [PROVINCIA]) VALUES (36208, N'Vigo', N'Pontevedra')
GO
INSERT [dbo].[PROVEEDOR] ([ID_PROVEEDOR], [NOMBRE], [CIF], [DIRECCION], [CONCELLO_CP]) VALUES (1, N'LETUSA', N'12123123A', N'Gran Via de les Corts Catalanes 254', 8030)
GO
INSERT [dbo].[PROVEEDOR] ([ID_PROVEEDOR], [NOMBRE], [CIF], [DIRECCION], [CONCELLO_CP]) VALUES (2, N'AUPROSA', N'21332336B', N'Paseo de la Castellana 321', 28042)
GO
INSERT [dbo].[PROVEEDOR] ([ID_PROVEEDOR], [NOMBRE], [CIF], [DIRECCION], [CONCELLO_CP]) VALUES (3, N'Musical 47', N'47777888C', N'Avda. General Sanjurjo 47', 15001)
GO
INSERT [dbo].[PROVEEDOR] ([ID_PROVEEDOR], [NOMBRE], [CIF], [DIRECCION], [CONCELLO_CP]) VALUES (4, N'Audio Rebel', N'88741114Q', N'C/ Las Lomas', 28933)
GO
INSERT [dbo].[PROVEEDOR] ([ID_PROVEEDOR], [NOMBRE], [CIF], [DIRECCION], [CONCELLO_CP]) VALUES (5, N'Adagio', N'32654654W', N'C/ Muntaner 211', 8030)
GO
INSERT [dbo].[PROVEEDOR] ([ID_PROVEEDOR], [NOMBRE], [CIF], [DIRECCION], [CONCELLO_CP]) VALUES (6, N'This Rock!', N'66364415E', N'Avda. O''Donnell 418', 28042)
GO
INSERT [dbo].[MARCA] ([MARCA]) VALUES (N'AKG')
GO
INSERT [dbo].[MARCA] ([MARCA]) VALUES (N'Audio-Technica')
GO
INSERT [dbo].[MARCA] ([MARCA]) VALUES (N'Avid')
GO
INSERT [dbo].[MARCA] ([MARCA]) VALUES (N'Crown')
GO
INSERT [dbo].[MARCA] ([MARCA]) VALUES (N'DAS Audio')
GO
INSERT [dbo].[MARCA] ([MARCA]) VALUES (N'Eventide')
GO
INSERT [dbo].[MARCA] ([MARCA]) VALUES (N'JBL')
GO
INSERT [dbo].[MARCA] ([MARCA]) VALUES (N'Klark Teknik')
GO
INSERT [dbo].[MARCA] ([MARCA]) VALUES (N'Midas')
GO
INSERT [dbo].[MARCA] ([MARCA]) VALUES (N'Shure')
GO
INSERT [dbo].[MARCA] ([MARCA]) VALUES (N'Soundcraft')
GO
INSERT [dbo].[MARCA] ([MARCA]) VALUES (N'SSL')
GO
INSERT [dbo].[MARCA] ([MARCA]) VALUES (N'Yamaha')
GO
INSERT [dbo].[MATERIAL_INVENTARIO] ([ID_ITEM], [FECHA_ENTRADA], [ID_FACTURA], [PROVEEDOR_ID_PROVEEDOR]) VALUES (100, CAST(N'2020-12-05' AS Date), 100001, 2)
GO
INSERT [dbo].[MATERIAL_INVENTARIO] ([ID_ITEM], [FECHA_ENTRADA], [ID_FACTURA], [PROVEEDOR_ID_PROVEEDOR]) VALUES (101, CAST(N'2020-12-05' AS Date), 100001, 2)
GO
INSERT [dbo].[MATERIAL_INVENTARIO] ([ID_ITEM], [FECHA_ENTRADA], [ID_FACTURA], [PROVEEDOR_ID_PROVEEDOR]) VALUES (102, CAST(N'2020-12-05' AS Date), 100001, 2)
GO
INSERT [dbo].[MATERIAL_INVENTARIO] ([ID_ITEM], [FECHA_ENTRADA], [ID_FACTURA], [PROVEEDOR_ID_PROVEEDOR]) VALUES (103, CAST(N'2020-12-05' AS Date), 100001, 2)
GO
INSERT [dbo].[MATERIAL_INVENTARIO] ([ID_ITEM], [FECHA_ENTRADA], [ID_FACTURA], [PROVEEDOR_ID_PROVEEDOR]) VALUES (104, CAST(N'2020-12-05' AS Date), 100001, 2)
GO
INSERT [dbo].[MATERIAL_INVENTARIO] ([ID_ITEM], [FECHA_ENTRADA], [ID_FACTURA], [PROVEEDOR_ID_PROVEEDOR]) VALUES (105, CAST(N'2020-12-05' AS Date), 100001, 2)
GO
INSERT [dbo].[MATERIAL_INVENTARIO] ([ID_ITEM], [FECHA_ENTRADA], [ID_FACTURA], [PROVEEDOR_ID_PROVEEDOR]) VALUES (106, CAST(N'2020-12-06' AS Date), 100002, 1)
GO
INSERT [dbo].[MATERIAL_INVENTARIO] ([ID_ITEM], [FECHA_ENTRADA], [ID_FACTURA], [PROVEEDOR_ID_PROVEEDOR]) VALUES (107, CAST(N'2020-12-06' AS Date), 100003, 1)
GO
INSERT [dbo].[MATERIAL_INVENTARIO] ([ID_ITEM], [FECHA_ENTRADA], [ID_FACTURA], [PROVEEDOR_ID_PROVEEDOR]) VALUES (108, CAST(N'2020-12-06' AS Date), 100003, 1)
GO
INSERT [dbo].[MATERIAL_INVENTARIO] ([ID_ITEM], [FECHA_ENTRADA], [ID_FACTURA], [PROVEEDOR_ID_PROVEEDOR]) VALUES (109, CAST(N'2020-12-06' AS Date), 100003, 1)
GO
INSERT [dbo].[MATERIAL_INVENTARIO] ([ID_ITEM], [FECHA_ENTRADA], [ID_FACTURA], [PROVEEDOR_ID_PROVEEDOR]) VALUES (110, CAST(N'2020-12-06' AS Date), 100003, 1)
GO
INSERT [dbo].[MATERIAL_INVENTARIO] ([ID_ITEM], [FECHA_ENTRADA], [ID_FACTURA], [PROVEEDOR_ID_PROVEEDOR]) VALUES (111, CAST(N'2021-01-13' AS Date), 100004, 4)
GO
INSERT [dbo].[MATERIAL_INVENTARIO] ([ID_ITEM], [FECHA_ENTRADA], [ID_FACTURA], [PROVEEDOR_ID_PROVEEDOR]) VALUES (112, CAST(N'2021-01-13' AS Date), 100004, 4)
GO
INSERT [dbo].[MATERIAL_INVENTARIO] ([ID_ITEM], [FECHA_ENTRADA], [ID_FACTURA], [PROVEEDOR_ID_PROVEEDOR]) VALUES (113, CAST(N'2021-01-13' AS Date), 100004, 4)
GO
INSERT [dbo].[MATERIAL_INVENTARIO] ([ID_ITEM], [FECHA_ENTRADA], [ID_FACTURA], [PROVEEDOR_ID_PROVEEDOR]) VALUES (114, CAST(N'2021-01-13' AS Date), 100004, 4)
GO
INSERT [dbo].[MATERIAL_INVENTARIO] ([ID_ITEM], [FECHA_ENTRADA], [ID_FACTURA], [PROVEEDOR_ID_PROVEEDOR]) VALUES (115, CAST(N'2021-01-13' AS Date), 100004, 4)
GO
INSERT [dbo].[MATERIAL_INVENTARIO] ([ID_ITEM], [FECHA_ENTRADA], [ID_FACTURA], [PROVEEDOR_ID_PROVEEDOR]) VALUES (116, CAST(N'2021-01-13' AS Date), 100004, 4)
GO
INSERT [dbo].[TIPO_MATERIAL] ([ID_TIPO], [TIPO]) VALUES (1, N'Micrófono')
GO
INSERT [dbo].[TIPO_MATERIAL] ([ID_TIPO], [TIPO]) VALUES (2, N'Mesa de mezclas')
GO
INSERT [dbo].[TIPO_MATERIAL] ([ID_TIPO], [TIPO]) VALUES (3, N'Sistema Line Array')
GO
INSERT [dbo].[TIPO_MATERIAL] ([ID_TIPO], [TIPO]) VALUES (4, N'Crossover')
GO
INSERT [dbo].[TIPO_MATERIAL] ([ID_TIPO], [TIPO]) VALUES (5, N'Unidad efectos')
GO
INSERT [dbo].[TIPO_MATERIAL] ([ID_TIPO], [TIPO]) VALUES (6, N'Procesador dinámica')
GO
INSERT [dbo].[TIPO_MATERIAL] ([ID_TIPO], [TIPO]) VALUES (7, N'Etapa potencia')
GO
INSERT [dbo].[TIPO_MATERIAL] ([ID_TIPO], [TIPO]) VALUES (8, N'Altavoz pasivo')
GO
INSERT [dbo].[TIPO_MATERIAL] ([ID_TIPO], [TIPO]) VALUES (9, N'Iluminación robótica')
GO
INSERT [dbo].[TIPO_MATERIAL] ([ID_TIPO], [TIPO]) VALUES (10, N'Máquina de humo')
GO
INSERT [dbo].[TIPO_MATERIAL] ([ID_TIPO], [TIPO]) VALUES (11, N'Mesa de iluminación')
GO
INSERT [dbo].[TIPO_MATERIAL] ([ID_TIPO], [TIPO]) VALUES (12, N'Dimmer')
GO
INSERT [dbo].[MODELO] ([MATERIAL_INVENTARIO_ID_ITEM], [TIPO_MATERIAL_ID_TIPO], [MODELO], [MARCA_MARCA]) VALUES (100, 1, N'SM57', N'Shure')
GO
INSERT [dbo].[MODELO] ([MATERIAL_INVENTARIO_ID_ITEM], [TIPO_MATERIAL_ID_TIPO], [MODELO], [MARCA_MARCA]) VALUES (101, 1, N'SM57', N'Shure')
GO
INSERT [dbo].[MODELO] ([MATERIAL_INVENTARIO_ID_ITEM], [TIPO_MATERIAL_ID_TIPO], [MODELO], [MARCA_MARCA]) VALUES (102, 1, N'SM58', N'Shure')
GO
INSERT [dbo].[MODELO] ([MATERIAL_INVENTARIO_ID_ITEM], [TIPO_MATERIAL_ID_TIPO], [MODELO], [MARCA_MARCA]) VALUES (103, 1, N'C1000', N'AKG')
GO
INSERT [dbo].[MODELO] ([MATERIAL_INVENTARIO_ID_ITEM], [TIPO_MATERIAL_ID_TIPO], [MODELO], [MARCA_MARCA]) VALUES (104, 1, N'C1000', N'AKG')
GO
INSERT [dbo].[MODELO] ([MATERIAL_INVENTARIO_ID_ITEM], [TIPO_MATERIAL_ID_TIPO], [MODELO], [MARCA_MARCA]) VALUES (105, 1, N'C3000', N'AKG')
GO
INSERT [dbo].[MODELO] ([MATERIAL_INVENTARIO_ID_ITEM], [TIPO_MATERIAL_ID_TIPO], [MODELO], [MARCA_MARCA]) VALUES (106, 2, N'HD96-24-TP', N'Midas')
GO
INSERT [dbo].[MODELO] ([MATERIAL_INVENTARIO_ID_ITEM], [TIPO_MATERIAL_ID_TIPO], [MODELO], [MARCA_MARCA]) VALUES (107, 2, N'M32 Live', N'Midas')
GO
INSERT [dbo].[MODELO] ([MATERIAL_INVENTARIO_ID_ITEM], [TIPO_MATERIAL_ID_TIPO], [MODELO], [MARCA_MARCA]) VALUES (108, 3, N'VANTEC 6/4', N'DAS Audio')
GO
INSERT [dbo].[MODELO] ([MATERIAL_INVENTARIO_ID_ITEM], [TIPO_MATERIAL_ID_TIPO], [MODELO], [MARCA_MARCA]) VALUES (109, 8, N'SRX 835/828', N'JBL')
GO
INSERT [dbo].[MODELO] ([MATERIAL_INVENTARIO_ID_ITEM], [TIPO_MATERIAL_ID_TIPO], [MODELO], [MARCA_MARCA]) VALUES (110, 5, N'H9000', N'Eventide')
GO
INSERT [dbo].[MODELO] ([MATERIAL_INVENTARIO_ID_ITEM], [TIPO_MATERIAL_ID_TIPO], [MODELO], [MARCA_MARCA]) VALUES (111, 5, N'H9000', N'Eventide')
GO
INSERT [dbo].[MODELO] ([MATERIAL_INVENTARIO_ID_ITEM], [TIPO_MATERIAL_ID_TIPO], [MODELO], [MARCA_MARCA]) VALUES (112, 6, N'KT2A', N'Klark Teknik')
GO
INSERT [dbo].[MODELO] ([MATERIAL_INVENTARIO_ID_ITEM], [TIPO_MATERIAL_ID_TIPO], [MODELO], [MARCA_MARCA]) VALUES (113, 6, N'Fusion', N'SSL')
GO
INSERT [dbo].[MODELO] ([MATERIAL_INVENTARIO_ID_ITEM], [TIPO_MATERIAL_ID_TIPO], [MODELO], [MARCA_MARCA]) VALUES (114, 6, N'Fusion', N'SSL')
GO
INSERT [dbo].[MODELO] ([MATERIAL_INVENTARIO_ID_ITEM], [TIPO_MATERIAL_ID_TIPO], [MODELO], [MARCA_MARCA]) VALUES (115, 7, N'Xti 4002', N'Crown')
GO
INSERT [dbo].[MODELO] ([MATERIAL_INVENTARIO_ID_ITEM], [TIPO_MATERIAL_ID_TIPO], [MODELO], [MARCA_MARCA]) VALUES (116, 7, N'Xti 4002', N'Crown')
GO
